"Res.Df","RSS","Df","Sum of Sq","F","Pr(>F)"
6606,20.6968575419153,NA,NA,NA,NA
6601,7.47708840671016,5,13.2197691352051,2334.16247915903,0
