"term","estimate","std.error","statistic","p.value"
"(Intercept)",3.81802546057516,0.00445991642914253,856.075561332707,0
"Hours_Studied",0.00434984768248026,6.91564878617111e-05,62.8986204617337,0
"Attendance",0.00295097449573053,3.58756317673406e-05,82.2556802586249,0
"Sleep_Hours",-0.000264595799010415,0.000282178773202051,-0.93768852989149,0.348438806185087
"Previous_Scores",0.000714597706741641,2.87833886929451e-05,24.8267399771727,3.70178664092677e-130
"sq_Tutoring_Sessions",0.0133882817500136,0.000641659753394175,20.8650794742756,1.11374125743737e-93
